Title,Upvotes,Comments,Created Time,URL,Post ID,Created UTC,Author,Flair,Upvote Ratio,Views,Crossposts,Permalink,In self post,Is video,Is Image,self text
Times Square right now,492461,14085,2021-01-30 18:00:38,https://v.redd.it/x64z70f7eie61,l8rf4k,1612029638.0,SomeGuyInDeutschland,YOLO,0.99,,136,/r/wallstreetbets/comments/l8rf4k/times_square_right_now/,False,True,False,
UPVOTE so everyone sees we got SUPPORT,339314,12811,2021-01-28 13:40:34,https://i.redd.it/sgoqy8nyt2e61.png,l6wu59,1611841234.0,vrweensy,News,0.98,,48,/r/wallstreetbets/comments/l6wu59/upvote_so_everyone_sees_we_got_support/,False,False,True,
GME YOLO update ‚Äî Jan 28 2021,301672,22947,2021-01-28 21:06:23,https://i.redd.it/opzucppb15e61.png,l78uct,1611867983.0,DeepFuckingValue,YOLO,0.98,,41,/r/wallstreetbets/comments/l78uct/gme_yolo_update_jan_28_2021/,False,False,True,
GME YOLO month-end update ‚Äî Jan 2021,265431,19847,2021-01-29 21:04:45,https://i.redd.it/r557em3t5ce61.png,l846a1,1611954285.0,DeepFuckingValue,YOLO,0.98,,33,/r/wallstreetbets/comments/l846a1/gme_yolo_monthend_update_jan_2021/,False,False,True,
It‚Äôs treason then,248491,4589,2021-01-29 23:40:59,https://i.redd.it/d3t66lv1yce61.jpg,l881ia,1611963659.0,keenfeed,Meme,0.98,,50,/r/wallstreetbets/comments/l881ia/its_treason_then/,False,False,True,
"CLASS ACTION AGAINST ROBINHOOD. Allowing people to only sell is the definition of market manipulation. A class action must be started, Robinhood has made plenty of money off selling info about our trades to the hedge funds to be able to pay out a little for causing people to loose money now",228659,17783,2021-01-28 13:49:11,https://www.reddit.com/r/wallstreetbets/comments/l6x130/class_action_against_robinhood_allowing_people_to/,l6x130,1611841751.0,does-it-mater,Discussion,0.97,,26,/r/wallstreetbets/comments/l6x130/class_action_against_robinhood_allowing_people_to/,True,False,False,"LEAVE ROBINHOOD. They dont deserve to make money off us after the millions they caused in losses. It might take a couple of days, but send Robinhood to the ground and GME to the moon."
GME YOLO update ‚Äî Feb 19 2021,225011,12850,2021-02-19 21:05:55,https://i.redd.it/2xswz0h11ii61.png,lnqgz8,1613768755.0,DeepFuckingValue,YOLO,0.96,,58,/r/wallstreetbets/comments/lnqgz8/gme_yolo_update_feb_19_2021/,False,False,True,
GME YOLO update ‚Äî Jan 27 2021 --------------------------------------- guess i need 102 characters in title now,219092,14601,2021-01-27 21:15:35,https://i.redd.it/a309gkm5yxd61.png,l6ekdz,1611782135.0,DeepFuckingValue,YOLO,0.97,,23,/r/wallstreetbets/comments/l6ekdz/gme_yolo_update_jan_27_2021_guess_i_need_102/,False,False,True,
GME YOLO update ‚Äî Feb 1 2021,217827,18006,2021-02-01 21:07:36,https://i.redd.it/og8ca1xskxe61.png,lae6j0,1612213656.0,DeepFuckingValue,YOLO,0.96,,33,/r/wallstreetbets/comments/lae6j0/gme_yolo_update_feb_1_2021/,False,False,True,
IT'S POWER TO THE TRADERS NOW,216760,5624,2021-01-29 01:35:58,https://v.redd.it/lu8aekujd6e61,l7feld,1611884158.0,84935,Meme,0.97,,80,/r/wallstreetbets/comments/l7feld/its_power_to_the_traders_now/,False,True,False,
"Used some of my GME tendies to buy Nintendo Switches from Gamestop, then donated them to a Children's Hospital. Got featured on the local news and brought glory to WSB.",215414,6979,2021-01-30 02:53:40,https://www.nbcdfw.com/news/local/north-texas-investor-uses-gamestop-gains-help-sick-children/2537134/,l8c0u4,1611975220.0,mpwrd,News,0.93,,30,/r/wallstreetbets/comments/l8c0u4/used_some_of_my_gme_tendies_to_buy_nintendo/,False,False,False,
That‚Äôs what I thought,202631,4539,2021-01-30 00:24:35,https://i.redd.it/f2yhugwt5de61.jpg,l890i7,1611966275.0,keenfeed,Meme,0.97,,36,/r/wallstreetbets/comments/l890i7/thats_what_i_thought/,False,False,True,
Can we all take a moment and appreciate the Mods who have grinded through this and held our community together. Thank you.,197899,6794,2021-01-28 00:57:32,https://www.reddit.com/r/wallstreetbets/comments/l6jobf/can_we_all_take_a_moment_and_appreciate_the_mods/,l6jobf,1611795452.0,,Discussion,0.95,,6,/r/wallstreetbets/comments/l6jobf/can_we_all_take_a_moment_and_appreciate_the_mods/,True,False,False,
"It runs very deep, my friends.",194715,2764,2021-01-28 21:47:55,https://i.redd.it/b8zy92sy85e61.jpg,l79x17,1611870475.0,game_stone,News,0.98,,43,/r/wallstreetbets/comments/l79x17/it_runs_very_deep_my_friends/,False,False,True,
I am proud to do my part in paying forward our good fortune with a donation of 6 Nintendo Switches and games to go with them to the Children‚Äôs Minnesota Hospital. Cant Stop. Won‚Äôt Stop. GameStop. (Still long 50 shares I WILL NOT SELL),190366,3796,2021-01-31 01:04:23,https://i.redd.it/sgrbt9vthke61.jpg,l90oq6,1612055063.0,Lunar033,Donation,0.94,,36,/r/wallstreetbets/comments/l90oq6/i_am_proud_to_do_my_part_in_paying_forward_our/,False,False,True,
Crazy mannnnnnn. We can't let this slide at all,190323,2367,2021-01-28 18:42:01,https://i.redd.it/8bels7zob4e61.jpg,l74tr1,1611859321.0,BootySenpai,,0.97,,27,/r/wallstreetbets/comments/l74tr1/crazy_mannnnnnn_we_cant_let_this_slide_at_all/,False,False,True,
Drew this for you my fellow retards üíéüôåüèº,186881,3450,2021-01-31 20:04:58,https://i.redd.it/h7sap8vb5qe61.jpg,l9kn3z,1612123498.0,spargeletto,Meme,0.91,,37,/r/wallstreetbets/comments/l9kn3z/drew_this_for_you_my_fellow_retards/,False,False,True,
Mark Cuban spent nearly 2 hours answering questions in his AMA. And then immediately called into CNBC to defend WSB!,182508,4353,2021-02-02 16:25:43,https://i.redd.it/5gwwn8rxb3f61.jpg,lazmky,1612283143.0,nekenemkj,News,0.95,,18,/r/wallstreetbets/comments/lazmky/mark_cuban_spent_nearly_2_hours_answering/,False,False,True,
I‚Äôm so proud of you all.,181413,2403,2021-01-28 21:33:21,https://i.redd.it/ykiux57d65e61.jpg,l79jko,1611869601.0,game_stone,News,0.96,,34,/r/wallstreetbets/comments/l79jko/im_so_proud_of_you_all/,False,False,True,
WE'RE IN THE ENDGAME NOW,177638,6407,2021-01-29 08:21:42,https://v.redd.it/ilaw5wowd8e61,l7nces,1611908502.0,IDoLikeMyShishkebabs,Meme,0.96,,75,/r/wallstreetbets/comments/l7nces/were_in_the_endgame_now/,False,True,False,
GME YOLO update ‚Äî Apr 16 2021 ‚Äî final update,176278,17822,2021-04-16 20:20:13,https://i.redd.it/n7m08253glt61.png,msblc3,1618604413.0,DeepFuckingValue,YOLO,0.97,,112,/r/wallstreetbets/comments/msblc3/gme_yolo_update_apr_16_2021_final_update/,False,False,True,
WSB right now,173873,4127,2021-02-02 22:32:08,https://i.redd.it/ptv7nhxy35f61.png,lb8jtk,1612305128.0,string_beans,Meme,0.94,,30,/r/wallstreetbets/comments/lb8jtk/wsb_right_now/,False,False,True,
In honor of finally seeing the almighty u/deepfuckingvalue. We must now do our part in having him written in the history books as the greatest that WallStreetBets has ever seen.,173668,3713,2021-01-29 17:58:34,https://i.redd.it/2a8b56my8be61.jpg,l7z8pf,1611943114.0,always_plan_in_advan,News,0.97,,29,/r/wallstreetbets/comments/l7z8pf/in_honor_of_finally_seeing_the_almighty/,False,False,True,
GME YOLO update ‚Äî Mar 8 2021,172251,8051,2021-03-08 21:08:31,https://i.redd.it/9jfy2u8bdvl61.png,m0q5bm,1615237711.0,DeepFuckingValue,Hang In There,0.95,,26,/r/wallstreetbets/comments/m0q5bm/gme_yolo_update_mar_8_2021/,False,False,True,
Congress might do something for once,168797,6645,2021-01-28 23:18:35,https://i.redd.it/3lo7rt55p5e61.jpg,l7c6kb,1611875915.0,,News,0.96,,68,/r/wallstreetbets/comments/l7c6kb/congress_might_do_something_for_once/,False,False,True,
A message to WSB from the Director of the Dian Fossey Gorilla Fund!,167236,5895,2021-03-13 23:14:32,https://v.redd.it/l3stpkyrnvm61,m4i2ib,1615677272.0,kampingcarl,News,0.94,,55,/r/wallstreetbets/comments/m4i2ib/a_message_to_wsb_from_the_director_of_the_dian/,False,True,False,
GME YOLO update ‚Äî Feb 2 2021,161970,17346,2021-02-02 21:11:48,https://i.redd.it/rr9n7obwq4f61.png,lb6jld,1612300308.0,DeepFuckingValue,YOLO,0.95,,28,/r/wallstreetbets/comments/lb6jld/gme_yolo_update_feb_2_2021/,False,False,True,
"Not sure if anyone posted this here, but yikes",161442,5705,2021-01-28 22:50:11,https://i.redd.it/76bcnhs2k5e61.jpg,l7bh1m,1611874211.0,oofaloofa1,News,0.93,,40,/r/wallstreetbets/comments/l7bh1m/not_sure_if_anyone_posted_this_here_but_yikes/,False,False,True,
"Hey everyone, Its Mark Cuban. Jumping on to do an AMA.... so Ask Me Anything",159898,26229,2021-02-02 14:35:23,https://www.reddit.com/r/wallstreetbets/comments/lawubt/hey_everyone_its_mark_cuban_jumping_on_to_do_an/,lawubt,1612276523.0,mcuban,Discussion,0.91,,71,/r/wallstreetbets/comments/lawubt/hey_everyone_its_mark_cuban_jumping_on_to_do_an/,True,False,False,Lets Go !
IMPORTANT!! THERE ARE NO SELLERS!!! DO NOT PANIC IF YOU SEE PRICE DROP HOLD THE LINE! UPVOTE SO PEOPLE DON‚ÄôT PANIC.,159189,4863,2021-01-28 15:50:05,https://i.redd.it/j6g1paf4h3e61.jpg,l70b59,1611849005.0,,Chart,0.97,,16,/r/wallstreetbets/comments/l70b59/important_there_are_no_sellers_do_not_panic_if/,False,False,True,
Doing my part,158126,2770,2021-01-28 21:10:30,https://i.redd.it/af2t6dp725e61.png,l78yde,1611868230.0,adnbenji,Meme,0.97,,13,/r/wallstreetbets/comments/l78yde/doing_my_part/,False,False,True,
Our favourite analyst. üöÄüöÄüôåüíéüåï,156521,4087,2021-01-30 19:46:11,https://i.redd.it/djm50uj2xie61.jpg,l8tw56,1612035971.0,DawudM,News,0.95,,36,/r/wallstreetbets/comments/l8tw56/our_favourite_analyst/,False,False,True,
Forever never dies ü•∞,155366,2763,2021-01-31 02:36:00,https://i.redd.it/nn96rnp6yke61.jpg,l92fas,1612060560.0,Parliament--,Meme,0.92,,42,/r/wallstreetbets/comments/l92fas/forever_never_dies/,False,False,True,
In case you needed proof that there are imposters among us. A bot posting the same negative sentiment comment multiple times per minute üåàüêª,152499,5884,2021-02-01 22:00:53,https://www.reddit.com/gallery/lafh4d,lafh4d,1612216853.0,rumblesaurus69,Discussion,0.94,,29,/r/wallstreetbets/comments/lafh4d/in_case_you_needed_proof_that_there_are_imposters/,False,False,False,
GME YOLO month-end update ‚Äî Feb 2021,151016,7623,2021-02-26 21:07:18,https://i.redd.it/20ro9puizvj61.png,lt7v4w,1614373638.0,DeepFuckingValue,YOLO,0.95,,25,/r/wallstreetbets/comments/lt7v4w/gme_yolo_monthend_update_feb_2021/,False,False,True,
Mic drop,150624,1799,2021-01-28 22:12:04,https://i.redd.it/ozzh6wv9d5e61.jpg,l7aj2e,1611871924.0,waaaaaaaaaaaaaaahhhh,News,0.97,,39,/r/wallstreetbets/comments/l7aj2e/mic_drop/,False,False,True,
Fake news ü§£,149295,6014,2021-02-01 17:26:40,https://i.redd.it/hqyf4qyxhwe61.jpg,la8n7o,1612200400.0,giov1234,News,0.92,,18,/r/wallstreetbets/comments/la8n7o/fake_news/,False,False,True,
GME YOLO update ‚Äî Feb 3 2021 ‚Äì heads up gonna back off the daily updates for now,148235,9936,2021-02-03 21:18:25,https://i.redd.it/93vf02k2wbf61.png,lbykxg,1612387105.0,DeepFuckingValue,YOLO,0.95,,13,/r/wallstreetbets/comments/lbykxg/gme_yolo_update_feb_3_2021_heads_up_gonna_back/,False,False,True,
"WSB PIONEER. FEARLESS BAG HOLDER. BETTER THAN DIAMOND HANDS. RICHER THAN YOUR WIFE‚ÄôS BOYFRIEND‚ÄôS UNCLE. YES, THIS IS NONE OTHER THAN DEEPFUCKINGVALUE HIMSELF.",147562,5747,2021-01-29 16:10:59,https://i.redd.it/qdi8ldgrpae61.jpg,l7weuu,1611936659.0,sugma22,News,0.95,,21,/r/wallstreetbets/comments/l7weuu/wsb_pioneer_fearless_bag_holder_better_than/,False,False,True,
"WSB, WHAT IS YOUR STRATEGY? üíé‚úãüöÄ",146937,5124,2021-01-29 12:04:34,https://v.redd.it/gu8zbgeyf9e61,l7qwvo,1611921874.0,consygiere,Meme,0.96,,53,/r/wallstreetbets/comments/l7qwvo/wsb_what_is_your_strategy/,False,True,False,
If I can hold at -$10MM then you can hold too. üíéüôå,145440,6950,2021-01-28 16:11:24,https://i.redd.it/e2ra46rsk3e61.jpg,l70vmz,1611850284.0,lantern_fan,Loss,0.96,,18,/r/wallstreetbets/comments/l70vmz/if_i_can_hold_at_10mm_then_you_can_hold_too/,False,False,True,
"Today, Interactive Brokers CEO admits that without the buying restrictions, $GME would have gone up in to the thousands",145337,7824,2021-02-18 01:37:20,https://v.redd.it/6v6qywrv35i61,lmagzp,1613612240.0,indonesian_activist,News,0.93,,51,/r/wallstreetbets/comments/lmagzp/today_interactive_brokers_ceo_admits_that_without/,False,True,False,
We are all the way up,144981,1964,2021-01-29 00:10:53,https://v.redd.it/jj0wn3cfy5e61,l7dg1g,1611879053.0,keenfeed,News,0.97,,39,/r/wallstreetbets/comments/l7dg1g/we_are_all_the_way_up/,False,True,False,
"An Open Letter to Melvin Capital, CNBC, Boomers, and WSB",144091,7580,2021-01-28 05:06:14,https://www.reddit.com/r/wallstreetbets/comments/l6omry/an_open_letter_to_melvin_capital_cnbc_boomers_and/,l6omry,1611810374.0,,Discussion,0.93,,52,/r/wallstreetbets/comments/l6omry/an_open_letter_to_melvin_capital_cnbc_boomers_and/,True,False,False," **Mods do not delete, this is important to me, please read**

&#x200B;

I was in my early teens during the '08 crisis. I vividly remember the enormous repercussions that the reckless actions by those"
GameStop gear going to the new home at the Children‚Äôs hospital of Atlanta Monday. POWER TO THE PLAYERS !,142598,2370,2021-03-28 12:34:40,https://i.redd.it/4v4vipu0krp61.jpg,mf0msr,1616934880.0,CockInAClock,Gain,0.9,,10,/r/wallstreetbets/comments/mf0msr/gamestop_gear_going_to_the_new_home_at_the/,False,False,True,
PREACH,142434,2387,2021-01-27 18:29:26,https://i.redd.it/5tcc1yym4xd61.jpg,l6b69k,1611772166.0,basava18,News,0.96,,37,/r/wallstreetbets/comments/l6b69k/preach/,False,False,True,
"I don't need Fox Business to hold me accountable, but I'll take it!",140728,2441,2021-02-25 20:59:06,https://i.redd.it/onrq8o9ptoj61.jpg,lsgqig,1614286746.0,travislifestyle,Meme,0.95,,6,/r/wallstreetbets/comments/lsgqig/i_dont_need_fox_business_to_hold_me_accountable/,False,False,True,
GME YOLO update ‚Äî Jan 26 2021,140352,9285,2021-01-26 21:08:03,https://i.redd.it/cltvfhzmrqd61.png,l5nphz,1611695283.0,DeepFuckingValue,YOLO,0.94,,11,/r/wallstreetbets/comments/l5nphz/gme_yolo_update_jan_26_2021/,False,False,True,
Like this post if you are holding!!üíé The real squeeze is yet to happenüöÄ,139438,6782,2021-01-28 16:30:30,https://www.reddit.com/r/wallstreetbets/comments/l71fl1/like_this_post_if_you_are_holding_the_real/,l71fl1,1611851430.0,uwillmire,YOLO,0.97,,4,/r/wallstreetbets/comments/l71fl1/like_this_post_if_you_are_holding_the_real/,True,False,False,"Buy more during dips if you can, but at least hold.

We just have to hold until they fold. Today's actions by several brokers just show how desperate the hedge funds are getting.

Hold with your immov"
First of many lawsuits I hope ü§ûüèª out of this bullshit!!!! #DownWithTheHOOD,134707,5067,2021-01-28 17:39:53,https://i.redd.it/082ihpop04e61.jpg,l73giz,1611855593.0,iiArmy,News,0.96,,23,/r/wallstreetbets/comments/l73giz/first_of_many_lawsuits_i_hope_out_of_this/,False,False,True,
Billboard! Went full retard!üöÄüöÄ North of Dallas along super busy I-35,133584,2307,2021-02-03 00:30:51,https://i.redd.it/mykky4blq5f61.jpg,lbb12w,1612312251.0,FlawlessBoltX,News,0.9,,30,/r/wallstreetbets/comments/lbb12w/billboard_went_full_retard_north_of_dallas_along/,False,False,True,
"Billboard in Oklahoma City, OK! If someone can rent out a billboard for GME you can hold your shares!!! üíé üñê!!!! (Left watermark for credit)",132852,3214,2021-01-30 09:03:15,https://i.redd.it/05ow7o3dqfe61.jpg,l8hsjd,1611997395.0,coookiesfoo,News,0.95,,29,/r/wallstreetbets/comments/l8hsjd/billboard_in_oklahoma_city_ok_if_someone_can_rent/,False,False,True,
Charles Payne gets it!,131134,992,2021-01-28 16:07:39,https://i.redd.it/1uii0mb9k3e61.jpg,l70rzy,1611850059.0,cyberupdate,News,0.98,,23,/r/wallstreetbets/comments/l70rzy/charles_payne_gets_it/,False,False,True,
GME YOLO update ‚Äî Mar 23 2021,130608,8049,2021-03-23 21:30:31,https://i.redd.it/1jmlo9wwiuo61.png,mbpclz,1616535031.0,DeepFuckingValue,YOLO,0.93,,32,/r/wallstreetbets/comments/mbpclz/gme_yolo_update_mar_23_2021/,False,False,True,
"u/DeepFuckingValue is being asked to testify in the upcoming GameStop hearing. ""Diamond hands and tendies gonna enter the Congressional Record""",130021,5616,2021-02-03 23:43:48,https://i.redd.it/qtmt9ovgmcf61.png,lc1udz,1612395828.0,jamsi,News,0.94,,11,/r/wallstreetbets/comments/lc1udz/udeepfuckingvalue_is_being_asked_to_testify_in/,False,False,True,
Honor to Diamond Hands.,129679,2510,2021-01-29 19:20:06,https://i.redd.it/xaaphlp7nbe61.png,l81fgb,1611948006.0,freshwater21,News,0.96,,16,/r/wallstreetbets/comments/l81fgb/honor_to_diamond_hands/,False,False,True,
"Cool, but why would they bother telling us?",129074,8589,2021-01-30 22:43:28,https://i.redd.it/d59d324psje61.jpg,l8xsfa,1612046608.0,Fargraven,News,0.93,,30,/r/wallstreetbets/comments/l8xsfa/cool_but_why_would_they_bother_telling_us/,False,False,True,
"Listen, it‚Äôs easy",128442,3246,2021-02-06 02:18:11,https://i.redd.it/87u6ut6horf61.jpg,ldnmj9,1612577891.0,PancakesandScotch,Meme,0.89,,21,/r/wallstreetbets/comments/ldnmj9/listen_its_easy/,False,False,True,
CNN BACK. OFF. This is a LIE. Literally a 5 second scroll of our board would inform this to be untrue. EDUCATE yourselves!!!!!,127701,5928,2021-02-01 15:57:51,https://i.redd.it/fj495vh52we61.jpg,la6e16,1612195071.0,spylord5,News,0.91,,27,/r/wallstreetbets/comments/la6e16/cnn_back_off_this_is_a_lie_literally_a_5_second/,False,False,True,
Welcome to the Endgame.,126884,5393,2021-01-30 14:38:11,https://v.redd.it/l1pa6yuvdhe61,l8mzow,1612017491.0,jeepers_sheepers,Meme,0.94,,29,/r/wallstreetbets/comments/l8mzow/welcome_to_the_endgame/,False,True,False,
Do you think he realized it YES OR NO,126615,3345,2021-02-19 13:55:48,https://i.redd.it/c8rg4qcntfi61.jpg,lngem6,1613742948.0,jacored,Meme,0.93,,19,/r/wallstreetbets/comments/lngem6/do_you_think_he_realized_it_yes_or_no/,False,False,True,
You know something is about to go down when most members of Congress are United over Wall Street trying to fuck us.,124067,2694,2021-01-28 20:20:57,https://i.redd.it/j62vcq6gt4e61.jpg,l77lgx,1611865257.0,game_stone,News,0.98,,16,/r/wallstreetbets/comments/l77lgx/you_know_something_is_about_to_go_down_when_most/,False,False,True,
"$265,000 raised so far for Dian Fossey Gorilla Fund ‚ù§Ô∏è#GMEToTheMoon #ApesStrongTogether üçåü¶çüöÄüåï",123567,2758,2021-03-15 17:13:37,https://i.redd.it/e2tnaniy58n61.jpg,m5pm5c,1615828417.0,LilHMoney,News,0.89,,18,/r/wallstreetbets/comments/m5pm5c/265000_raised_so_far_for_dian_fossey_gorilla_fund/,False,False,True,
"DFV‚Äôs smile, he‚Äôs watching all us apes support him.",122688,2773,2021-02-18 21:50:14,https://i.redd.it/detip0vi4bi61.jpg,lmyan9,1613685014.0,BAKAYAROUUUUU,News,0.91,,5,/r/wallstreetbets/comments/lmyan9/dfvs_smile_hes_watching_all_us_apes_support_him/,False,False,True,
Oops,121760,1040,2021-01-28 15:06:40,https://i.redd.it/0gnr4u6193e61.png,l6z1yp,1611846400.0,yellow_duck12,News,0.97,,8,/r/wallstreetbets/comments/l6z1yp/oops/,False,False,True,
Where do we go from here and who is going to step up to help us?,120957,27015,2021-01-28 00:36:02,https://www.reddit.com/r/wallstreetbets/comments/l6j4r9/where_do_we_go_from_here_and_who_is_going_to_step/,l6j4r9,1611794162.0,zjz,Mods,0.92,,19,/r/wallstreetbets/comments/l6j4r9/where_do_we_go_from_here_and_who_is_going_to_step/,True,False,False,"We have grown to the kind of size we only dreamed of in the time it takes to get a bad nights sleep. We've got so many comments and submissions that we can't possibly even read them all, let alone act"
I'm a brown woman in WSB! What the heck is this article talking about?! üòÇ,120739,12369,2021-03-07 13:15:40,https://i.redd.it/cux6mpq7wll61.jpg,lzqgxq,1615122940.0,AOCnp,News,0.78,,12,/r/wallstreetbets/comments/lzqgxq/im_a_brown_woman_in_wsb_what_the_heck_is_this/,False,False,True,
DFV,120716,1097,2021-01-29 13:29:38,https://i.redd.it/bmq1qruyw9e61.jpg,l7sjdx,1611926978.0,keenfeed,Meme,0.95,,32,/r/wallstreetbets/comments/l7sjdx/dfv/,False,False,True,
To the person that's the laughing stonk of their family.,117503,1327,2021-02-07 18:01:40,https://i.redd.it/lg01l0rph3g61.png,lerm8e,1612720900.0,StuKazoo,Chart,0.88,,5,/r/wallstreetbets/comments/lerm8e/to_the_person_thats_the_laughing_stonk_of_their/,False,False,True,
Pirates of the Wall-Streetibbean,117227,1331,2021-02-05 20:46:35,https://i.redd.it/dyhy7cdb1qf61.jpg,ldguhp,1612557995.0,TheRavinRaven,Meme,0.91,,10,/r/wallstreetbets/comments/ldguhp/pirates_of_the_wallstreetibbean/,False,False,True,
Just bought $1MM worth of $GME. My profits from years of trading. Let‚Äôs stick it to the HFs! ü¶ç strong together. üíé üôå,117148,5034,2021-02-01 16:17:28,https://i.redd.it/6htn6hnn5we61.jpg,la6w8q,1612196248.0,tannerwastaken,YOLO,0.93,,7,/r/wallstreetbets/comments/la6w8q/just_bought_1mm_worth_of_gme_my_profits_from/,False,False,True,
üíéüôå Here is our DeepFuckingValue in WSB style - art by crossdogz üöÄüöÄ,115637,2387,2021-01-31 14:36:07,https://i.redd.it/e5g9w4xnioe61.jpg,l9dgbo,1612103767.0,dhiral1994,Meme,0.91,,7,/r/wallstreetbets/comments/l9dgbo/here_is_our_deepfuckingvalue_in_wsb_style_art_by/,False,False,True,
"Huge shoutout to Kevin O'Leary: ""Definition of the market is speculation. If you are short you know run a new risk that these effective social media vigilantes are going to come after you and squeeze you and its good because it will make a lot of hedge funds think for a second time before shorting.""",115347,3263,2021-01-30 00:37:56,https://i.redd.it/yfqegtw58de61.png,l89alf,1611967076.0,GimliSagol,News,0.96,,36,/r/wallstreetbets/comments/l89alf/huge_shoutout_to_kevin_oleary_definition_of_the/,False,False,True,
Adopted a Gorilla.,114535,1902,2021-03-13 01:23:03,https://i.redd.it/wzd4ifw16pm61.png,m3w2jj,1615598583.0,Pakistani_in_MURICA,News,0.93,,16,/r/wallstreetbets/comments/m3w2jj/adopted_a_gorilla/,False,False,True,
"Good Morning to Everyone Except Robinhood, courtesy of @KasparCMS on Twitter",114104,1244,2021-01-30 18:07:36,https://v.redd.it/tzn8jw52fie61,l8rlea,1612030056.0,N0th1ngMatt3rs5,Meme,0.98,,45,/r/wallstreetbets/comments/l8rlea/good_morning_to_everyone_except_robinhood/,False,True,False,
"Don‚Äôt listen to them, this is them trying to take focus away from GME",112730,5584,2021-02-01 10:34:07,https://i.redd.it/btz2rpbegue61.jpg,la09rn,1612175647.0,hsjwbksx,News,0.87,,23,/r/wallstreetbets/comments/la09rn/dont_listen_to_them_this_is_them_trying_to_take/,False,False,True,
RASHIDA IS WITH US,112557,3761,2021-01-28 15:08:02,https://i.redd.it/90zbvwzk93e61.png,l6z3e5,1611846482.0,MrPostmanLookatme,News,0.93,,19,/r/wallstreetbets/comments/l6z3e5/rashida_is_with_us/,False,False,True,
"THIS GUY IS FLYING A BANNER SAYING ""SUCK MY NUTS ROBINHOOD""",112358,1816,2021-01-30 18:08:16,https://twitter.com/kasparcms/status/1355246224207609856?s=21,l8rlyx,1612030096.0,fonzy541,News,0.97,,21,/r/wallstreetbets/comments/l8rlyx/this_guy_is_flying_a_banner_saying_suck_my_nuts/,False,False,False,
The Hero we need right now : FUCK ROBINHOOD!,111991,3416,2021-01-28 13:37:00,https://i.redd.it/caa8mpqdt2e61.jpg,l6wr6s,1611841020.0,jordanpeterson9,News,0.96,,14,/r/wallstreetbets/comments/l6wr6s/the_hero_we_need_right_now_fuck_robinhood/,False,False,True,
DO NOT SELL! Robinhood has blocked the buying of more shares. If you try to sell you will get fucked because who are you going to sell it to if nobody can buy it? They are trying to make you flood the market with sales offers and bring the price down. Dont fall for it!,110398,3930,2021-01-28 13:38:34,https://www.reddit.com/r/wallstreetbets/comments/l6wsib/do_not_sell_robinhood_has_blocked_the_buying_of/,l6wsib,1611841114.0,,Discussion,0.97,,9,/r/wallstreetbets/comments/l6wsib/do_not_sell_robinhood_has_blocked_the_buying_of/,True,False,False,Edit: reddit is now censoring subs it doesn't agree with like nonewnormal. Those running reddit are part of the same crooked group trying to screw us all in the GME squeeze trying to censor robinhood 
My 102 year old grandmother bought GME in August 1995 and held through all this time.,110110,3238,2021-02-02 13:29:24,https://i.redd.it/1gy6kn7jg2f61.jpg,lavgj3,1612272564.0,Lansman,Gain,0.95,,14,/r/wallstreetbets/comments/lavgj3/my_102_year_old_grandmother_bought_gme_in_august/,False,False,True,
"Inspired by many others, I hit a few GameStop‚Äôs and got some Switch‚Äôs, games, etc to donate to my local Children‚Äôs Hospital. Thanks WSB, we like the stock!",109824,1754,2021-03-27 17:38:56,https://i.redd.it/ksk24xqexlp61.jpg,meikve,1616866736.0,RedDragons8,News,0.86,,6,/r/wallstreetbets/comments/meikve/inspired_by_many_others_i_hit_a_few_gamestops_and/,False,False,True,
"Give them nothing, but take from them everything",108634,2593,2021-01-28 20:49:55,https://i.redd.it/ijenw1bmy4e61.jpg,l78duc,1611866995.0,Baalk_,News,0.96,,12,/r/wallstreetbets/comments/l78duc/give_them_nothing_but_take_from_them_everything/,False,False,True,
"Welcome, new money",108340,2197,2021-02-15 17:00:47,https://i.redd.it/3er0gca5aoh61.jpg,lkhsdq,1613408447.0,fuk_normies,Meme,0.9,,4,/r/wallstreetbets/comments/lkhsdq/welcome_new_money/,False,False,True,
I asked my cat if I should buy or sell GME,108276,2130,2021-02-28 04:05:33,https://v.redd.it/cer7jxne75k61,lu5dvw,1614485133.0,Trigger_happy_neuron,Meme,0.87,,17,/r/wallstreetbets/comments/lu5dvw/i_asked_my_cat_if_i_should_buy_or_sell_gme/,False,True,False,
DIAMOND HANDS VS THE WORLD üíéü§ùüíéüíéSEE YALL ON THE MOON üöÄüöÄüöÄüöÄüöÄüöÄüöÄ,108140,2022,2021-02-02 03:46:05,https://v.redd.it/8w0e23a5jze61,lammkd,1612237565.0,_saucy_balloon,Meme,0.94,,47,/r/wallstreetbets/comments/lammkd/diamond_hands_vs_the_world_see_yall_on_the_moon/,False,True,False,
Justin Sun (Asian billionaire) has our back and is joining in.,107631,4006,2021-01-29 11:13:21,https://i.redd.it/8olsjgun89e61.jpg,l7q26x,1611918801.0,IrishGooner77,News,0.9,,25,/r/wallstreetbets/comments/l7q26x/justin_sun_asian_billionaire_has_our_back_and_is/,False,False,True,
Finished my DIY project just in time for GME to üöÄüöÄüöÄüöÄ (percentages simulated to show movement in the video),107387,1751,2021-02-08 20:16:45,https://v.redd.it/5gofhjblabg61,lfkprt,1612815405.0,dickdemodickmarcinko,Meme,0.89,,12,/r/wallstreetbets/comments/lfkprt/finished_my_diy_project_just_in_time_for_gme_to/,False,True,False,
He said it!,107106,1558,2021-02-18 17:54:19,https://i.redd.it/7xf788efy9i61.jpg,lmso6c,1613670859.0,TaggingSits,Meme,0.94,,11,/r/wallstreetbets/comments/lmso6c/he_said_it/,False,False,True,
CNBC now running Ads promoting that Melvin Capital closed their short positions on $GME,106394,7096,2021-01-29 21:40:43,https://i.redd.it/8vxraurkcce61.png,l8539h,1611956443.0,jordanpeterson9,News,0.95,,20,/r/wallstreetbets/comments/l8539h/cnbc_now_running_ads_promoting_that_melvin/,False,False,True,
Never forget. Last year when this guy soldout the subreddit for personal gain now trying to take credit for your movement for the same reason. #cloutchaser,105255,5063,2021-01-30 16:50:00,https://v.redd.it/y987vjwozhe61,l8pr1a,1612025400.0,bawse1,,0.92,,21,/r/wallstreetbets/comments/l8pr1a/never_forget_last_year_when_this_guy_soldout_the/,False,True,False,
"Mark Cuban said ""once the brokerage stops restricting trades, then we'll see what WSB is really made of"". Well, guess what? Robinhood has removed all restrictions.",105162,5882,2021-02-05 03:32:31,https://www.reddit.com/r/wallstreetbets/comments/lcyewd/mark_cuban_said_once_the_brokerage_stops/,lcyewd,1612495951.0,crispizzle,News,0.88,,11,/r/wallstreetbets/comments/lcyewd/mark_cuban_said_once_the_brokerage_stops/,True,False,False,Let's show them what we're made of: retards.
GME YOLO month-end update ‚Äî Mar 2021,104768,3984,2021-03-31 20:10:33,https://i.redd.it/2hashizm7fq61.png,mhektw,1617221433.0,DeepFuckingValue,YOLO,0.93,,18,/r/wallstreetbets/comments/mhektw/gme_yolo_monthend_update_mar_2021/,False,False,True,
GME Today...,103948,1659,2021-03-10 20:42:16,https://v.redd.it/ry01zotfi9m61,m27xop,1615408936.0,mateotrujillowheeler,Meme,0.91,,40,/r/wallstreetbets/comments/m27xop/gme_today/,False,True,False,
What a dumpster fire LOL,102921,2198,2022-11-11 02:19:27,https://i.redd.it/xtu8hqnte8z91.jpg,yrynqm,1668133167.0,kmanifold,Meme,0.88,,21,/r/wallstreetbets/comments/yrynqm/what_a_dumpster_fire_lol/,False,False,True,
DEEPFUCKINGVALUE just TWEETED! HOLD THE FUCKING LINE!!!!,102820,5063,2021-02-03 17:06:10,https://www.reddit.com/gallery/lbsbwu,lbsbwu,1612371970.0,lameparm,News,0.89,,13,/r/wallstreetbets/comments/lbsbwu/deepfuckingvalue_just_tweeted_hold_the_fucking/,False,False,False,
GME YOLO update ‚Äî Mar 24 2021,102408,5691,2021-03-24 21:30:14,https://i.redd.it/kv66vitpn1p61.png,mch84i,1616621414.0,DeepFuckingValue,YOLO,0.93,,12,/r/wallstreetbets/comments/mch84i/gme_yolo_update_mar_24_2021/,False,False,True,
Today wasn‚Äôt a bloodbath for $GME or $AMC. WE watched LITERAL insanity as Hedgies sat and traded their trash BACK and forth to each other in order to cause YOU to panic. HOLD. BUY.,102186,5896,2021-02-02 01:05:33,https://www.reddit.com/r/wallstreetbets/comments/lajk83/today_wasnt_a_bloodbath_for_gme_or_amc_we_watched/,lajk83,1612227933.0,,Discussion,0.92,,26,/r/wallstreetbets/comments/lajk83/today_wasnt_a_bloodbath_for_gme_or_amc_we_watched/,True,False,False,"DD I saw posted elsewhere: hedge funds are trying their hardest to short ladder $AMC and $GME. Just hold your stock, buy more if you can afford to! 

Check out real time trade stats by googling: ""Nasd"
OUR SAVIOR KEEPS MAKING THE NEWS! DFV INSPIRES US ALL CUZ WE JUST LIKE THE STOCK! üöÄüôåüèºüêà,101619,2477,2021-03-09 16:28:16,https://i.redd.it/f9077u8e41m61.jpg,m1a3j7,1615307296.0,No-Bandicoot-8980,News,0.89,,8,/r/wallstreetbets/comments/m1a3j7/our_savior_keeps_making_the_news_dfv_inspires_us/,False,False,True,
Who of my 300 brethren's are still in ?,101419,14293,2021-02-03 08:54:46,https://i.redd.it/c2h5pujf88f61.png,lbjgc6,1612342486.0,Geko2012,Loss,0.9,,10,/r/wallstreetbets/comments/lbjgc6/who_of_my_300_brethrens_are_still_in/,False,False,True,
